{
    "train_mean": [
        0.01620167281627034,
        0.6697829004445124,
        0.14975221061569788,
        0.12696478314275653,
        0.006017121987334804,
        0.03128131099342811,
        0.1187502494077449,
        0.002115041434192452,
        0.007310177100884977,
        0.8718245320571776,
        0.013192363313322764,
        0.16236366819002965,
        0.29175152546930805,
        0.27319879214514736,
        0.25949365088219223,
        0.5572287123294305,
        0.10313525762894642,
        0.902839621661138,
        1.5704001117312112,
        -0.01165844340722117,
        -0.016011100750212323,
        -0.0223235826471971,
        -0.07764335273156428,
        -0.027966105399550568
    ],
    "train_std": [
        0.1245222595104854,
        0.4681595533091961,
        0.3558447640357912,
        0.3311115215854178,
        0.0746351042018996,
        0.17209034961765793,
        0.32296603020306375,
        0.043881968692726175,
        0.08313990743823571,
        0.33327507834873565,
        0.11212919762738797,
        0.36783034132342474,
        0.4533072958948179,
        0.44462808706229767,
        0.4372584567100512,
        0.49240168347588387,
        0.2991244936618873,
        0.29218294781281207,
        1.2957941024650428,
        0.905274231165122,
        0.9753839508989371,
        0.8883070128207313,
        1.002780520363952,
        0.9716582897911932
    ],
    "test_mean": [
        0.018372738556661897,
        0.6891163032728396,
        0.15836957928227932,
        0.10225206164183573,
        0.004252041066275604,
        0.027637276180107802,
        0.12523855945305054,
        0.0017874694002475379,
        0.007551846614329895,
        0.8654221245323718,
        0.011887755023478282,
        0.1657017239065435,
        0.28591891814929077,
        0.2756026312312136,
        0.26088897168947384,
        0.5685414908317097,
        0.10447354656231428,
        0.9248667669570939,
        1.5806123250024375,
        -0.028479663625501868,
        -0.02343691406218343,
        -0.051339998808284805,
        -0.09622457019124062,
        -0.0352129646479965
    ],
    "test_std": [
        0.13006864191272088,
        0.45674113287406914,
        0.3610660672496253,
        0.2975906761929226,
        0.06465613963646967,
        0.15807409794118785,
        0.3301608576566613,
        0.03980253122077085,
        0.08400093981600115,
        0.3397258545913909,
        0.10499760728680005,
        0.37021813858109814,
        0.4484087470665442,
        0.4440219544440357,
        0.4356107882821287,
        0.4875470403327863,
        0.2984589165840491,
        0.2558514334165606,
        1.3014072444107057,
        0.8415654481293524,
        0.9802909079555056,
        0.7273604701000972,
        0.9762949727990197,
        0.9623013574548295
    ]
}