{
    "train_mean": [
        0.016299652947821278,
        0.67766184319987,
        0.14961507370367452,
        0.11859475091365816,
        0.005715638060017612,
        0.032113041174958626,
        0.12113984099725644,
        0.002268975449742547,
        0.007949762105250923,
        0.8686414214477501,
        0.013852295771325353,
        0.16117757682200132,
        0.2886584421353366,
        0.27115745944454955,
        0.26515422582678716,
        0.5667565479240824,
        0.10281225622483502,
        0.905095992464813,
        1.5605365620759681,
        -0.026350654369542096,
        0.0021260063866198027,
        0.7662889598102176,
        0.011354168141608195,
        0.9598941524645122,
        -0.03912910424989085,
        -0.08492294002273525,
        -0.01300228536808249
    ],
    "train_std": [
        0.12325397137214743,
        0.4633286058328388,
        0.3542266527362715,
        0.31998136526435433,
        0.07241113170000399,
        0.17240712377396283,
        0.3249032530806178,
        0.045502205658069304,
        0.0851034586044605,
        0.33548519005749766,
        0.11404933223643358,
        0.36529883315795203,
        0.4503178196469856,
        0.4415786737354619,
        0.4383497054244063,
        0.4891350986320622,
        0.29691520826557033,
        0.2876433523718141,
        1.297410679402656,
        0.8724539954195125,
        0.9778074179287506,
        3.531821569325983,
        0.8823038353706407,
        1.127156975180809,
        0.7643706301166262,
        0.9932110338633242,
        0.9816463701609167
    ],
    "test_mean": [
        0.02172265323759444,
        0.6802048840552181,
        0.1387602065709435,
        0.1169902333757804,
        0.006697802190126253,
        0.035624220570337053,
        0.13335918546922074,
        0.0024611389593135573,
        0.011730132706604588,
        0.8524495428648613,
        0.006884860379083087,
        0.17870881323583657,
        0.286449788383028,
        0.2830276883055841,
        0.2449288496964683,
        0.555086116640492,
        0.08782487568713508,
        0.9107025179964107,
        1.534701946631364,
        -0.03323240989065037,
        -0.013477076255184017,
        0.8044396305137346,
        0.03713426409816575,
        1.0357465567493385,
        -0.017606047792655552,
        -0.12882276923576966,
        0.014717229306408768
    ],
    "test_std": [
        0.14261982293088338,
        0.45781591902250257,
        0.3402610636885293,
        0.3136557619700863,
        0.0771456695913982,
        0.17718478673156368,
        0.33841426982072775,
        0.04670335726239861,
        0.10429785775174114,
        0.35198064064546286,
        0.07907239789460682,
        0.378749653261849,
        0.44716435798150067,
        0.4447969739789751,
        0.42532480200149275,
        0.4869276182525839,
        0.2745744745713818,
        0.27897971662461785,
        1.3012180906391817,
        0.8718274012303496,
        1.0139625951796394,
        4.339321300595364,
        0.9360251132282945,
        1.1785201579334172,
        1.159476867103157,
        0.9621583835212565,
        1.0321428739203398
    ]
}