{
    "train_mean": [
        0.016853644465730417,
        0.6717432835455603,
        0.14730196979213236,
        0.12430104124035393,
        0.0060217380763564875,
        0.03377832287986664,
        0.10991148459621804,
        0.0022176758589519743,
        0.007625326225790795,
        0.880245513319039,
        0.012681158106931822,
        0.15994081976035388,
        0.29025320971009727,
        0.2695831878046616,
        0.2675416246179551,
        0.5584335254226722,
        0.10330435092566455,
        0.9042787206428531,
        1.5662229249737625,
        -0.01746889259933811,
        0.005282178618424284,
        0.7720117882507743,
        0.022679598062004796,
        0.9555248967715727,
        -0.02776286202976472,
        -0.07192498561906138,
        -0.010662758419451928
    ],
    "train_std": [
        0.12609903797083746,
        0.46532815529797367,
        0.3520848457567034,
        0.32629621903932926,
        0.07507982689908721,
        0.1774391024783426,
        0.3117611755267431,
        0.04422454156883847,
        0.08399256705810396,
        0.32277410677231233,
        0.10832546339928913,
        0.36411859810313935,
        0.4509326889521115,
        0.4411512185475582,
        0.4396070977859959,
        0.4897824602264716,
        0.29803159711075417,
        0.28920647186050447,
        1.302975449633255,
        0.8749286816213866,
        0.9755597499727525,
        3.252308859389204,
        0.9028836964045707,
        1.128623741049516,
        0.8600578575786428,
        0.9724885170956921,
        0.9839322529572132
    ],
    "test_mean": [
        0.017027613658605046,
        0.6948600950222371,
        0.14428854963971768,
        0.1149390324308541,
        0.004467175134203248,
        0.024417534114383195,
        0.13753319704153666,
        0.002673408089247333,
        0.007127489278748939,
        0.8526659055904671,
        0.013808179560357485,
        0.17342173812908274,
        0.30455315754961215,
        0.25079921319307563,
        0.257417711567872,
        0.5625250335252084,
        0.09019361439796597,
        0.9070113698768834,
        1.5469952470840043,
        -0.046373985710601404,
        0.007885575028755754,
        0.6465659323455216,
        0.018168150316919582,
        0.9350381112061418,
        -0.07096614073585726,
        -0.09493565084360725,
        -0.001499194855450003
    ],
    "test_std": [
        0.12484782762701671,
        0.45303598721482613,
        0.3471252023949782,
        0.3135219832722581,
        0.06350845314740289,
        0.14758980348105705,
        0.343424257739853,
        0.050531921982689194,
        0.08229981242356954,
        0.35310490066732536,
        0.11015737398647847,
        0.37600004269271353,
        0.4556789808529059,
        0.4287261177071242,
        0.4314759819375677,
        0.48459498323415545,
        0.27829722320799494,
        0.28283406501576613,
        1.309348070866,
        0.7797854493070688,
        0.9638600235524846,
        2.9242109442905058,
        0.8000391283888758,
        1.1063068771092104,
        0.5000000762324456,
        0.9909093045026308,
        1.0138655890309538
    ]
}