{
    "train_mean": [
        0.018075932782312763,
        0.6750421067674838,
        0.1526382161764278,
        0.11883720322449333,
        0.005873018897236927,
        0.02953352215204497,
        0.11800130261951619,
        0.0037889303725327887,
        0.007937847424514281,
        0.870271919583437,
        0.013429301629045515,
        0.16148866571001086,
        0.29679519566041757,
        0.26753153914936034,
        0.26075529785116586,
        0.5607468436723316,
        0.09822530731682436,
        0.906077288440023,
        1.5327155740073648,
        -0.026199634919062263,
        -0.005988886754632897,
        0.7928138209091492,
        0.022371486478785015,
        0.9725195095212827,
        -0.03627440852771119,
        -0.08760888979904441,
        -0.016156962488405716
    ],
    "train_std": [
        0.12995692803844733,
        0.46398604324605547,
        0.35716315129050336,
        0.3197592094991659,
        0.07356938196013509,
        0.16523029980310444,
        0.32151516426512483,
        0.05800198854931402,
        0.08585106995501073,
        0.33387553041571577,
        0.11105588868519141,
        0.36604200675265264,
        0.45400545247934826,
        0.4401540311725757,
        0.43627732162730914,
        0.48949735356922686,
        0.29203096365252823,
        0.28646162532893593,
        1.3051308549743155,
        0.8866810400731827,
        0.984418389276028,
        4.644359760294137,
        0.8675066186592616,
        1.1346613806697534,
        0.8006026330135562,
        0.9830007453984059,
        0.978388611804056
    ],
    "test_mean": [
        0.019193495682619893,
        0.6638601953870316,
        0.13995385340385602,
        0.14091025480610883,
        0.006369915544369855,
        0.029712285176014246,
        0.133362225366919,
        0.0032068756935265974,
        0.008437456797023053,
        0.854993442142531,
        0.013898920750584862,
        0.15958877376158678,
        0.29562423139363886,
        0.2710997074892182,
        0.25978836660497123,
        0.5542730520854179,
        0.09115118004645585,
        0.9101232832238954,
        1.585171761442212,
        -0.06839789977672604,
        0.018413395910664078,
        0.7651251660762278,
        -0.010160779460480211,
        0.9660279944634187,
        -0.0752355572760634,
        -0.06730612845755748,
        0.009471087599903847
    ],
    "test_std": [
        0.13155357588090286,
        0.4649229675729284,
        0.3421358586863564,
        0.3401733618084911,
        0.0755173263476217,
        0.1635201268119592,
        0.33783040146179044,
        0.051785064233987294,
        0.08672910515207775,
        0.34864369306162196,
        0.11180951254029219,
        0.36212638361518246,
        0.4501632324009532,
        0.4402813496836508,
        0.433180472596185,
        0.4862561925369736,
        0.2778398639864753,
        0.2784118994399643,
        1.3047127291504088,
        0.8664122083348005,
        0.9795373206884406,
        6.707302967358458,
        0.8526855347139068,
        1.1771983404240682,
        0.6101480695985005,
        1.0257367105093131,
        1.015885034488956
    ]
}